{
    "metadata":{
        "generator":"io_three",
        "materials":1,
        "type":"Geometry",
        "faces":30,
        "uvs":1,
        "version":3,
        "normals":4,
        "vertices":32
    },
    "materials":[{
        "colorDiffuse":[1,1,1],
        "wireframe":false,
        "DbgIndex":0,
        "mapDiffuse":"ido.png",
        "mapDiffuseWrap":["RepeatWrapping","RepeatWrapping"],
        "colorEmissive":[0,0,0],
        "transparent":true,
        "mapDiffuseAnisotropy":1,
        "shading":"basic",
        "depthTest":true,
        "opacity":1,
        "DbgColor":15658734,
        "mapDiffuseRepeat":[1,1],
        "depthWrite":true,
        "visible":true,
        "DbgName":"Material.003",
        "blending":"NormalBlending"
    }],
    "normals":[0,0,-1,0,0,-1,0,-0,-1,-0,0,-1],
    "faces":[42,2,1,0,0,31,0,1,0,0,0,42,0,31,30,0,1,2,3,1,1,1,42,30,29,28,0,3,4,5,0,0,0,42,28,27,26,0,5,6,7,1,1,1,42,26,25,24,0,7,8,9,1,1,1,42,24,23,22,0,9,10,11,0,0,0,42,22,21,20,0,11,12,13,0,0,0,42,20,19,18,0,13,14,15,0,0,0,42,18,17,16,0,15,16,17,0,0,0,42,16,15,14,0,17,18,19,0,0,0,42,14,13,12,0,19,20,21,0,0,0,42,12,11,10,0,21,22,23,2,2,2,42,10,9,8,0,23,24,25,0,0,0,42,8,7,6,0,25,26,27,0,0,0,42,6,5,4,0,27,28,29,0,0,0,42,4,3,2,0,29,30,31,3,3,3,42,2,0,30,0,31,1,3,1,1,1,42,30,28,26,0,3,5,7,1,1,1,42,26,24,22,0,7,9,11,0,0,0,42,22,20,18,0,11,13,15,0,0,0,42,18,16,14,0,15,17,19,0,0,0,42,14,12,10,0,19,21,23,2,2,2,42,10,8,6,0,23,25,27,0,0,0,42,6,4,2,0,27,29,31,3,3,3,42,2,30,26,0,31,3,7,0,0,0,42,26,22,18,0,7,11,15,0,0,0,42,18,14,10,0,15,19,23,0,0,0,42,10,6,2,0,23,27,31,0,0,0,42,2,26,18,0,31,7,15,0,0,0,42,18,10,2,0,15,23,31,2,2,2],
    "vertices":[-2.55773,-17.7853,-39.9523,-1.64005,-17.7853,-40.5545,-0.622517,-17.7853,-40.9661,0.455768,-17.7853,-41.1713,1.55337,-17.7853,-41.1622,2.62811,-17.7853,-40.9392,3.63867,-17.7853,-40.5107,4.54624,-17.7853,-39.8934,5.31593,-17.7853,-39.1108,5.91815,-17.7853,-38.1931,6.32978,-17.7853,-37.1756,6.53499,-17.7853,-36.0973,6.52589,-17.7853,-34.9997,6.30283,-17.7853,-33.925,5.87439,-17.7853,-32.9144,5.25703,-17.7853,-32.0069,4.47447,-17.7853,-31.2372,3.5568,-17.7853,-30.6349,2.53926,-17.7853,-30.2233,1.46097,-17.7853,-30.0181,0.363373,-17.7853,-30.0272,-0.711364,-17.7853,-30.2503,-1.72193,-17.7853,-30.6787,-2.6295,-17.7853,-31.2961,-3.39918,-17.7853,-32.0786,-4.00141,-17.7853,-32.9963,-4.41304,-17.7853,-34.0138,-4.61824,-17.7853,-35.0921,-4.60914,-17.7853,-36.1897,-4.38608,-17.7853,-37.2645,-3.95764,-17.7853,-38.275,-3.34028,-17.7853,-39.1826],
    "name":"CylinderGeometry.16",
    "uvs":[[0.263209,0.943006,0.181332,0.888298,0.111703,0.818668,0.056994,0.736792,0.019311,0.645815,0.0001,0.549236,0.0001,0.450764,0.019311,0.354184,0.056995,0.263208,0.111703,0.181332,0.181333,0.111701,0.26321,0.056994,0.354186,0.019311,0.450765,0.0001,0.549236,0.0001,0.645815,0.019312,0.73679,0.056995,0.818666,0.111703,0.888296,0.181334,0.943003,0.26321,0.980687,0.354186,0.999897,0.450765,0.999897,0.549237,0.980686,0.645817,0.943003,0.736792,0.888295,0.818668,0.818665,0.888298,0.736789,0.943006,0.645815,0.980689,0.549236,0.9999,0.450765,0.9999,0.354185,0.980689]]
}