{
    "metadata":{
        "generator":"io_three",
        "materials":1,
        "type":"Geometry",
        "faces":30,
        "uvs":1,
        "version":3,
        "normals":5,
        "vertices":32
    },
    "materials":[{
        "colorDiffuse":[1,1,1],
        "wireframe":false,
        "DbgIndex":0,
        "mapDiffuse":"ido.png",
        "mapDiffuseWrap":["RepeatWrapping","RepeatWrapping"],
        "colorEmissive":[0,0,0],
        "transparent":true,
        "mapDiffuseAnisotropy":1,
        "shading":"basic",
        "depthTest":true,
        "opacity":1,
        "DbgColor":15658734,
        "mapDiffuseRepeat":[1,1],
        "depthWrite":true,
        "visible":true,
        "DbgName":"Material.003",
        "blending":"NormalBlending"
    }],
    "normals":[0,0,-1,0,-0,-1,-0,0,-1,0,0,-1,-0,0,-1],
    "faces":[42,2,1,0,0,31,0,1,0,0,0,42,0,31,30,0,1,2,3,0,0,0,42,30,29,28,0,3,4,5,0,0,0,42,28,27,26,0,5,6,7,0,0,0,42,26,25,24,0,7,8,9,0,0,0,42,24,23,22,0,9,10,11,0,0,0,42,22,21,20,0,11,12,13,0,0,0,42,20,19,18,0,13,14,15,0,0,0,42,18,17,16,0,15,16,17,0,0,0,42,16,15,14,0,17,18,19,0,0,0,42,14,13,12,0,19,20,21,0,0,0,42,12,11,10,0,21,22,23,1,1,1,42,10,9,8,0,23,24,25,0,0,0,42,8,7,6,0,25,26,27,0,0,0,42,6,5,4,0,27,28,29,0,0,0,42,4,3,2,0,29,30,31,2,2,2,42,2,0,30,0,31,1,3,0,0,0,42,30,28,26,0,3,5,7,0,0,0,42,26,24,22,0,7,9,11,3,3,3,42,22,20,18,0,11,13,15,0,0,0,42,18,16,14,0,15,17,19,0,0,0,42,14,12,10,0,19,21,23,1,1,1,42,10,8,6,0,23,25,27,0,0,0,42,6,4,2,0,27,29,31,4,4,4,42,2,30,26,0,31,3,7,0,0,0,42,26,22,18,0,7,11,15,0,0,0,42,18,14,10,0,15,19,23,0,0,0,42,10,6,2,0,23,27,31,0,0,0,42,2,26,18,0,31,7,15,0,0,0,42,18,10,2,0,15,23,31,1,1,1],
    "vertices":[-3.38249,-12.6995,19.9485,-2.84233,-12.6995,19.594,-2.24339,-12.6995,19.3517,-1.6087,-12.6995,19.2309,-0.962632,-12.6995,19.2363,-0.330026,-12.6995,19.3676,0.26481,-12.6995,19.6198,0.799018,-12.6995,19.9831,1.25207,-12.6995,20.4438,1.60655,-12.6995,20.9839,1.84884,-12.6995,21.5829,1.96963,-12.6995,22.2176,1.96427,-12.6995,22.8636,1.83298,-12.6995,23.4962,1.58079,-12.6995,24.0911,1.2174,-12.6995,24.6253,0.756775,-12.6995,25.0783,0.216615,-12.6995,25.4328,-0.38232,-12.6995,25.6751,-1.01702,-12.6995,25.7959,-1.66308,-12.6995,25.7905,-2.29569,-12.6995,25.6592,-2.89052,-12.6995,25.407,-3.42473,-12.6995,25.0437,-3.87778,-12.6995,24.583,-4.23226,-12.6995,24.0429,-4.47455,-12.6995,23.4439,-4.59534,-12.6995,22.8092,-4.58998,-12.6995,22.1632,-4.45869,-12.6995,21.5306,-4.2065,-12.6995,20.9357,-3.84311,-12.6995,20.4015],
    "name":"Cylinder.001Geometry.2",
    "uvs":[[0.263209,0.943006,0.181332,0.888298,0.111703,0.818668,0.056994,0.736792,0.019311,0.645815,0.0001,0.549236,0.0001,0.450764,0.019311,0.354184,0.056995,0.263208,0.111703,0.181332,0.181333,0.111701,0.26321,0.056994,0.354186,0.019311,0.450765,0.0001,0.549236,0.0001,0.645815,0.019312,0.73679,0.056995,0.818666,0.111703,0.888296,0.181334,0.943003,0.26321,0.980687,0.354186,0.999897,0.450765,0.999897,0.549237,0.980686,0.645817,0.943003,0.736792,0.888295,0.818668,0.818665,0.888298,0.736789,0.943006,0.645815,0.980689,0.549236,0.9999,0.450765,0.9999,0.354185,0.980689]]
}