{
    "metadata":{
        "generator":"io_three",
        "materials":1,
        "type":"Geometry",
        "faces":30,
        "uvs":1,
        "version":3,
        "normals":4,
        "vertices":32
    },
    "materials":[{
        "colorDiffuse":[1,1,1],
        "wireframe":false,
        "DbgIndex":0,
        "mapDiffuse":"ido.png",
        "mapDiffuseWrap":["RepeatWrapping","RepeatWrapping"],
        "colorEmissive":[0,0,0],
        "transparent":true,
        "mapDiffuseAnisotropy":1,
        "shading":"basic",
        "depthTest":true,
        "opacity":1,
        "DbgColor":15658734,
        "mapDiffuseRepeat":[1,1],
        "depthWrite":true,
        "visible":true,
        "DbgName":"Material.003",
        "blending":"NormalBlending"
    }],
    "normals":[0,0,-1,0,0,-1,0,-0,-1,-0,0,-1],
    "faces":[42,2,1,0,0,31,0,1,0,0,0,42,0,31,30,0,1,2,3,0,0,0,42,30,29,28,0,3,4,5,0,0,0,42,28,27,26,0,5,6,7,1,1,1,42,26,25,24,0,7,8,9,0,0,0,42,24,23,22,0,9,10,11,1,1,1,42,22,21,20,0,11,12,13,0,0,0,42,20,19,18,0,13,14,15,1,1,1,42,18,17,16,0,15,16,17,0,0,0,42,16,15,14,0,17,18,19,0,0,0,42,14,13,12,0,19,20,21,0,0,0,42,12,11,10,0,21,22,23,2,2,2,42,10,9,8,0,23,24,25,0,0,0,42,8,7,6,0,25,26,27,0,0,0,42,6,5,4,0,27,28,29,0,0,0,42,4,3,2,0,29,30,31,3,3,3,42,2,0,30,0,31,1,3,0,0,0,42,30,28,26,0,3,5,7,1,1,1,42,26,24,22,0,7,9,11,0,0,0,42,22,20,18,0,11,13,15,0,0,0,42,18,16,14,0,15,17,19,0,0,0,42,14,12,10,0,19,21,23,2,2,2,42,10,8,6,0,23,25,27,0,0,0,42,6,4,2,0,27,29,31,3,3,3,42,2,30,26,0,31,3,7,0,0,0,42,26,22,18,0,7,11,15,0,0,0,42,18,14,10,0,15,19,23,0,0,0,42,10,6,2,0,23,27,31,0,0,0,42,2,26,18,0,31,7,15,0,0,0,42,18,10,2,0,15,23,31,2,2,2],
    "vertices":[34.785,-19.4003,-5.15011,35.7027,-19.4003,-5.75233,36.7202,-19.4003,-6.16396,37.7985,-19.4003,-6.36917,38.8961,-19.4003,-6.36007,39.9708,-19.4003,-6.13701,40.9814,-19.4003,-5.70857,41.889,-19.4003,-5.09121,42.6586,-19.4003,-4.30865,43.2609,-19.4003,-3.39098,43.6725,-19.4003,-2.37344,43.8777,-19.4003,-1.29516,43.8686,-19.4003,-0.197556,43.6456,-19.4003,0.877181,43.2171,-19.4003,1.88775,42.5997,-19.4003,2.79532,41.8172,-19.4003,3.565,40.8995,-19.4003,4.16723,39.882,-19.4003,4.57886,38.8037,-19.4003,4.78406,37.7061,-19.4003,4.77496,36.6314,-19.4003,4.55191,35.6208,-19.4003,4.12346,34.7132,-19.4003,3.5061,33.9435,-19.4003,2.72355,33.3413,-19.4003,1.80587,32.9297,-19.4003,0.788333,32.7245,-19.4003,-0.289955,32.7336,-19.4003,-1.38756,32.9566,-19.4003,-2.46229,33.3851,-19.4003,-3.47286,34.0024,-19.4003,-4.38042],
    "name":"CylinderGeometry.2",
    "uvs":[[0.263209,0.943006,0.181332,0.888298,0.111703,0.818668,0.056994,0.736792,0.019311,0.645815,0.0001,0.549236,0.0001,0.450764,0.019311,0.354184,0.056995,0.263208,0.111703,0.181332,0.181333,0.111701,0.26321,0.056994,0.354186,0.019311,0.450765,0.0001,0.549236,0.0001,0.645815,0.019312,0.73679,0.056995,0.818666,0.111703,0.888296,0.181334,0.943003,0.26321,0.980687,0.354186,0.999897,0.450765,0.999897,0.549237,0.980686,0.645817,0.943003,0.736792,0.888295,0.818668,0.818665,0.888298,0.736789,0.943006,0.645815,0.980689,0.549236,0.9999,0.450765,0.9999,0.354185,0.980689]]
}