{
    "metadata":{
        "generator":"io_three",
        "materials":1,
        "type":"Geometry",
        "faces":30,
        "uvs":1,
        "version":3,
        "normals":4,
        "vertices":32
    },
    "materials":[{
        "colorDiffuse":[1,1,1],
        "wireframe":false,
        "DbgIndex":0,
        "mapDiffuse":"ido.png",
        "mapDiffuseWrap":["RepeatWrapping","RepeatWrapping"],
        "colorEmissive":[0,0,0],
        "transparent":true,
        "mapDiffuseAnisotropy":1,
        "shading":"basic",
        "depthTest":true,
        "opacity":1,
        "DbgColor":15658734,
        "mapDiffuseRepeat":[1,1],
        "depthWrite":true,
        "visible":true,
        "DbgName":"Material.003",
        "blending":"NormalBlending"
    }],
    "normals":[0,0,-1,0,0,-1,0,-0,-1,-0,0,-1],
    "faces":[42,2,1,0,0,31,0,1,0,0,0,42,0,31,30,0,1,2,3,0,0,0,42,30,29,28,0,3,4,5,0,0,0,42,28,27,26,0,5,6,7,0,0,0,42,26,25,24,0,7,8,9,0,0,0,42,24,23,22,0,9,10,11,0,0,0,42,22,21,20,0,11,12,13,1,1,1,42,20,19,18,0,13,14,15,0,0,0,42,18,17,16,0,15,16,17,0,0,0,42,16,15,14,0,17,18,19,0,0,0,42,14,13,12,0,19,20,21,1,1,1,42,12,11,10,0,21,22,23,2,2,2,42,10,9,8,0,23,24,25,0,0,0,42,8,7,6,0,25,26,27,0,0,0,42,6,5,4,0,27,28,29,1,1,1,42,4,3,2,0,29,30,31,3,3,3,42,2,0,30,0,31,1,3,0,0,0,42,30,28,26,0,3,5,7,0,0,0,42,26,24,22,0,7,9,11,0,0,0,42,22,20,18,0,11,13,15,0,0,0,42,18,16,14,0,15,17,19,0,0,0,42,14,12,10,0,19,21,23,2,2,2,42,10,8,6,0,23,25,27,0,0,0,42,6,4,2,0,27,29,31,3,3,3,42,2,30,26,0,31,3,7,0,0,0,42,26,22,18,0,7,11,15,0,0,0,42,18,14,10,0,15,19,23,0,0,0,42,10,6,2,0,23,27,31,0,0,0,42,2,26,18,0,31,7,15,0,0,0,42,18,10,2,0,15,23,31,2,2,2],
    "vertices":[-37.4537,-18.7789,-1.63057,-36.9135,-18.7789,-1.98505,-36.3146,-18.7789,-2.22734,-35.6799,-18.7789,-2.34813,-35.0338,-18.7789,-2.34277,-34.4012,-18.7789,-2.21148,-33.8064,-18.7789,-1.95929,-33.2722,-18.7789,-1.5959,-32.8191,-18.7789,-1.13528,-32.4646,-18.7789,-0.595121,-32.2224,-18.7789,0.003814,-32.1016,-18.7789,0.638511,-32.1069,-18.7789,1.28458,-32.2382,-18.7789,1.91718,-32.4904,-18.7789,2.51202,-32.8538,-18.7789,3.04623,-33.3144,-18.7789,3.49928,-33.8546,-18.7789,3.85376,-34.4535,-18.7789,4.09605,-35.0882,-18.7789,4.21683,-35.7343,-18.7789,4.21148,-36.3669,-18.7789,4.08018,-36.9617,-18.7789,3.828,-37.4959,-18.7789,3.46461,-37.949,-18.7789,3.00398,-38.3035,-18.7789,2.46382,-38.5457,-18.7789,1.86488,-38.6665,-18.7789,1.23019,-38.6612,-18.7789,0.584124,-38.5299,-18.7789,-0.048482,-38.2777,-18.7789,-0.643319,-37.9143,-18.7789,-1.17753],
    "name":"Cylinder.001Geometry",
    "uvs":[[0.263209,0.943006,0.181332,0.888298,0.111703,0.818668,0.056994,0.736792,0.019311,0.645815,0.0001,0.549236,0.0001,0.450764,0.019311,0.354184,0.056995,0.263208,0.111703,0.181332,0.181333,0.111701,0.26321,0.056994,0.354186,0.019311,0.450765,0.0001,0.549236,0.0001,0.645815,0.019312,0.73679,0.056995,0.818666,0.111703,0.888296,0.181334,0.943003,0.26321,0.980687,0.354186,0.999897,0.450765,0.999897,0.549237,0.980686,0.645817,0.943003,0.736792,0.888295,0.818668,0.818665,0.888298,0.736789,0.943006,0.645815,0.980689,0.549236,0.9999,0.450765,0.9999,0.354185,0.980689]]
}