{
    "metadata":{
        "generator":"io_three",
        "materials":1,
        "type":"Geometry",
        "faces":30,
        "uvs":1,
        "version":3,
        "normals":5,
        "vertices":32
    },
    "materials":[{
        "colorDiffuse":[1,1,1],
        "wireframe":false,
        "DbgIndex":0,
        "mapDiffuse":"ido.png",
        "mapDiffuseWrap":["RepeatWrapping","RepeatWrapping"],
        "colorEmissive":[0,0,0],
        "transparent":true,
        "mapDiffuseAnisotropy":1,
        "shading":"basic",
        "depthTest":true,
        "opacity":1,
        "DbgColor":15658734,
        "mapDiffuseRepeat":[1,1],
        "depthWrite":true,
        "visible":true,
        "DbgName":"Material.003",
        "blending":"NormalBlending"
    }],
    "normals":[0,0,-1,0,0,-1,0,-0,-1,-0,0,-1,0,-0,-1],
    "faces":[42,2,1,0,0,31,0,1,0,0,0,42,0,31,30,0,1,2,3,0,0,0,42,30,29,28,0,3,4,5,0,0,0,42,28,27,26,0,5,6,7,0,0,0,42,26,25,24,0,7,8,9,0,0,0,42,24,23,22,0,9,10,11,0,0,0,42,22,21,20,0,11,12,13,1,1,1,42,20,19,18,0,13,14,15,0,0,0,42,18,17,16,0,15,16,17,0,0,0,42,16,15,14,0,17,18,19,0,0,0,42,14,13,12,0,19,20,21,1,1,1,42,12,11,10,0,21,22,23,2,2,2,42,10,9,8,0,23,24,25,0,0,0,42,8,7,6,0,25,26,27,0,0,0,42,6,5,4,0,27,28,29,0,0,0,42,4,3,2,0,29,30,31,3,3,3,42,2,0,30,0,31,1,3,1,1,1,42,30,28,26,0,3,5,7,1,1,1,42,26,24,22,0,7,9,11,1,1,1,42,22,20,18,0,11,13,15,0,0,0,42,18,16,14,0,15,17,19,0,0,0,42,14,12,10,0,19,21,23,4,4,4,42,10,8,6,0,23,25,27,1,1,1,42,6,4,2,0,27,29,31,3,3,3,42,2,30,26,0,31,3,7,1,1,1,42,26,22,18,0,7,11,15,0,0,0,42,18,14,10,0,15,19,23,1,1,1,42,10,6,2,0,23,27,31,0,0,0,42,2,26,18,0,31,7,15,0,0,0,42,18,10,2,0,15,23,31,4,4,4],
    "vertices":[36.5443,-11.7788,-12.0642,36.9476,-11.7788,-12.3288,37.3948,-11.7788,-12.5098,37.8687,-11.7788,-12.5999,38.3511,-11.7788,-12.5959,38.8235,-11.7788,-12.4979,39.2676,-11.7788,-12.3096,39.6665,-11.7788,-12.0383,40.0047,-11.7788,-11.6944,40.2694,-11.7788,-11.291,40.4503,-11.7788,-10.8438,40.5405,-11.7788,-10.3699,40.5365,-11.7788,-9.88753,40.4385,-11.7788,-9.41518,40.2502,-11.7788,-8.97104,39.9789,-11.7788,-8.57216,39.6349,-11.7788,-8.23389,39.2316,-11.7788,-7.96921,38.7844,-11.7788,-7.7883,38.3105,-11.7788,-7.69811,37.8281,-11.7788,-7.70211,37.3558,-11.7788,-7.80014,36.9116,-11.7788,-7.98844,36.5127,-11.7788,-8.25977,36.1745,-11.7788,-8.60371,35.9098,-11.7788,-9.00703,35.7289,-11.7788,-9.45423,35.6387,-11.7788,-9.92814,35.6427,-11.7788,-10.4105,35.7407,-11.7788,-10.8829,35.929,-11.7788,-11.327,36.2004,-11.7788,-11.7259],
    "name":"CylinderGeometry.1",
    "uvs":[[0.263209,0.943006,0.181332,0.888298,0.111703,0.818668,0.056994,0.736792,0.019311,0.645815,0.0001,0.549236,0.0001,0.450764,0.019311,0.354184,0.056995,0.263208,0.111703,0.181332,0.181333,0.111701,0.26321,0.056994,0.354186,0.019311,0.450765,0.0001,0.549236,0.0001,0.645815,0.019312,0.73679,0.056995,0.818666,0.111703,0.888296,0.181334,0.943003,0.26321,0.980687,0.354186,0.999897,0.450765,0.999897,0.549237,0.980686,0.645817,0.943003,0.736792,0.888295,0.818668,0.818665,0.888298,0.736789,0.943006,0.645815,0.980689,0.549236,0.9999,0.450765,0.9999,0.354185,0.980689]]
}