{
    "metadata":{
        "generator":"io_three",
        "materials":1,
        "type":"Geometry",
        "faces":30,
        "uvs":1,
        "version":3,
        "normals":5,
        "vertices":32
    },
    "materials":[{
        "colorDiffuse":[1,1,1],
        "wireframe":false,
        "DbgIndex":0,
        "mapDiffuse":"ido.png",
        "mapDiffuseWrap":["RepeatWrapping","RepeatWrapping"],
        "colorEmissive":[0,0,0],
        "transparent":true,
        "mapDiffuseAnisotropy":1,
        "shading":"basic",
        "depthTest":true,
        "opacity":1,
        "DbgColor":15658734,
        "mapDiffuseRepeat":[1,1],
        "depthWrite":true,
        "visible":true,
        "DbgName":"Material.003",
        "blending":"NormalBlending"
    }],
    "normals":[0,0,-1,0,0,-1,0,-0,-1,-0,0,-1,-0,0,-1],
    "faces":[42,2,1,0,0,31,0,1,0,0,0,42,0,31,30,0,1,2,3,0,0,0,42,30,29,28,0,3,4,5,0,0,0,42,28,27,26,0,5,6,7,0,0,0,42,26,25,24,0,7,8,9,0,0,0,42,24,23,22,0,9,10,11,0,0,0,42,22,21,20,0,11,12,13,0,0,0,42,20,19,18,0,13,14,15,0,0,0,42,18,17,16,0,15,16,17,1,1,1,42,16,15,14,0,17,18,19,0,0,0,42,14,13,12,0,19,20,21,1,1,1,42,12,11,10,0,21,22,23,2,2,2,42,10,9,8,0,23,24,25,0,0,0,42,8,7,6,0,25,26,27,0,0,0,42,6,5,4,0,27,28,29,0,0,0,42,4,3,2,0,29,30,31,3,3,3,42,2,0,30,0,31,1,3,0,0,0,42,30,28,26,0,3,5,7,0,0,0,42,26,24,22,0,7,9,11,0,0,0,42,22,20,18,0,11,13,15,0,0,0,42,18,16,14,0,15,17,19,0,0,0,42,14,12,10,0,19,21,23,2,2,2,42,10,8,6,0,23,25,27,0,0,0,42,6,4,2,0,27,29,31,4,4,4,42,2,30,26,0,31,3,7,1,1,1,42,26,22,18,0,7,11,15,0,0,0,42,18,14,10,0,15,19,23,0,0,0,42,10,6,2,0,23,27,31,0,0,0,42,2,26,18,0,31,7,15,0,0,0,42,18,10,2,0,15,23,31,2,2,2],
    "vertices":[-13.3089,-16.4233,-24.6502,-12.9056,-16.4233,-24.9149,-12.4584,-16.4233,-25.0958,-11.9845,-16.4233,-25.1859,-11.5021,-16.4233,-25.1819,-11.0297,-16.4233,-25.0839,-10.5856,-16.4233,-24.8956,-10.1867,-16.4233,-24.6243,-9.84843,-16.4233,-24.2804,-9.58375,-16.4233,-23.877,-9.40284,-16.4233,-23.4298,-9.31266,-16.4233,-22.9559,-9.31666,-16.4233,-22.4735,-9.41469,-16.4233,-22.0012,-9.60299,-16.4233,-21.557,-9.87432,-16.4233,-21.1582,-10.2182,-16.4233,-20.8199,-10.6216,-16.4233,-20.5552,-11.0688,-16.4233,-20.3743,-11.5427,-16.4233,-20.2841,-12.0251,-16.4233,-20.2881,-12.4974,-16.4233,-20.3861,-12.9416,-16.4233,-20.5744,-13.3404,-16.4233,-20.8458,-13.6787,-16.4233,-21.1897,-13.9434,-16.4233,-21.593,-14.1243,-16.4233,-22.0402,-14.2145,-16.4233,-22.5141,-14.2105,-16.4233,-22.9965,-14.1125,-16.4233,-23.4689,-13.9242,-16.4233,-23.913,-13.6528,-16.4233,-24.3119],
    "name":"Cylinder.002Geometry",
    "uvs":[[0.263209,0.943006,0.181332,0.888298,0.111703,0.818668,0.056994,0.736792,0.019311,0.645815,0.0001,0.549236,0.0001,0.450764,0.019311,0.354184,0.056995,0.263208,0.111703,0.181332,0.181333,0.111701,0.26321,0.056994,0.354186,0.019311,0.450765,0.0001,0.549236,0.0001,0.645815,0.019312,0.73679,0.056995,0.818666,0.111703,0.888296,0.181334,0.943003,0.26321,0.980687,0.354186,0.999897,0.450765,0.999897,0.549237,0.980686,0.645817,0.943003,0.736792,0.888295,0.818668,0.818665,0.888298,0.736789,0.943006,0.645815,0.980689,0.549236,0.9999,0.450765,0.9999,0.354185,0.980689]]
}