{
    "metadata":{
        "generator":"io_three",
        "materials":1,
        "type":"Geometry",
        "faces":30,
        "uvs":1,
        "version":3,
        "normals":5,
        "vertices":32
    },
    "materials":[{
        "colorDiffuse":[1,1,1],
        "wireframe":false,
        "DbgIndex":0,
        "mapDiffuse":"ido.png",
        "mapDiffuseWrap":["RepeatWrapping","RepeatWrapping"],
        "colorEmissive":[0,0,0],
        "transparent":true,
        "mapDiffuseAnisotropy":1,
        "shading":"basic",
        "depthTest":true,
        "opacity":1,
        "DbgColor":15658734,
        "mapDiffuseRepeat":[1,1],
        "depthWrite":true,
        "visible":true,
        "DbgName":"Material.003",
        "blending":"NormalBlending"
    }],
    "normals":[0,0,-1,0,-0,-1,-0,0,-1,-0,0,-1,0,0,-1],
    "faces":[42,2,1,0,0,31,0,1,0,0,0,42,0,31,30,0,1,2,3,0,0,0,42,30,29,28,0,3,4,5,0,0,0,42,28,27,26,0,5,6,7,0,0,0,42,26,25,24,0,7,8,9,0,0,0,42,24,23,22,0,9,10,11,0,0,0,42,22,21,20,0,11,12,13,0,0,0,42,20,19,18,0,13,14,15,0,0,0,42,18,17,16,0,15,16,17,0,0,0,42,16,15,14,0,17,18,19,0,0,0,42,14,13,12,0,19,20,21,0,0,0,42,12,11,10,0,21,22,23,1,1,1,42,10,9,8,0,23,24,25,0,0,0,42,8,7,6,0,25,26,27,0,0,0,42,6,5,4,0,27,28,29,0,0,0,42,4,3,2,0,29,30,31,2,2,2,42,2,0,30,0,31,1,3,0,0,0,42,30,28,26,0,3,5,7,0,0,0,42,26,24,22,0,7,9,11,0,0,0,42,22,20,18,0,11,13,15,0,0,0,42,18,16,14,0,15,17,19,0,0,0,42,14,12,10,0,19,21,23,1,1,1,42,10,8,6,0,23,25,27,0,0,0,42,6,4,2,0,27,29,31,3,3,3,42,2,30,26,0,31,3,7,0,0,0,42,26,22,18,0,7,11,15,0,0,0,42,18,14,10,0,15,19,23,0,0,0,42,10,6,2,0,23,27,31,0,0,0,42,2,26,18,0,31,7,15,4,4,4,42,18,10,2,0,15,23,31,1,1,1],
    "vertices":[-7.83283,-14.5281,42.1165,-7.29267,-14.5281,41.762,-6.69374,-14.5281,41.5197,-6.05904,-14.5281,41.3989,-5.41298,-14.5281,41.4043,-4.78037,-14.5281,41.5355,-4.18553,-14.5281,41.7877,-3.65133,-14.5281,42.1511,-3.19828,-14.5281,42.6117,-2.8438,-14.5281,43.1519,-2.60151,-14.5281,43.7508,-2.48072,-14.5281,44.3855,-2.48608,-14.5281,45.0316,-2.61737,-14.5281,45.6642,-2.86956,-14.5281,46.259,-3.23295,-14.5281,46.7933,-3.69357,-14.5281,47.2463,-4.23373,-14.5281,47.6008,-4.83267,-14.5281,47.8431,-5.46736,-14.5281,47.9639,-6.11343,-14.5281,47.9585,-6.74603,-14.5281,47.8272,-7.34087,-14.5281,47.575,-7.87508,-14.5281,47.2116,-8.32813,-14.5281,46.751,-8.68261,-14.5281,46.2109,-8.9249,-14.5281,45.6119,-9.04568,-14.5281,44.9772,-9.04033,-14.5281,44.3312,-8.90903,-14.5281,43.6985,-8.65684,-14.5281,43.1037,-8.29345,-14.5281,42.5695],
    "name":"Cylinder.001Geometry.1",
    "uvs":[[0.263209,0.943006,0.181332,0.888298,0.111703,0.818668,0.056994,0.736792,0.019311,0.645815,0.0001,0.549236,0.0001,0.450764,0.019311,0.354184,0.056995,0.263208,0.111703,0.181332,0.181333,0.111701,0.26321,0.056994,0.354186,0.019311,0.450765,0.0001,0.549236,0.0001,0.645815,0.019312,0.73679,0.056995,0.818666,0.111703,0.888296,0.181334,0.943003,0.26321,0.980687,0.354186,0.999897,0.450765,0.999897,0.549237,0.980686,0.645817,0.943003,0.736792,0.888295,0.818668,0.818665,0.888298,0.736789,0.943006,0.645815,0.980689,0.549236,0.9999,0.450765,0.9999,0.354185,0.980689]]
}