{
    "metadata":{
        "generator":"io_three",
        "materials":1,
        "type":"Geometry",
        "faces":30,
        "uvs":1,
        "version":3,
        "normals":5,
        "vertices":32
    },
    "materials":[{
        "colorDiffuse":[1,1,1],
        "wireframe":false,
        "DbgIndex":0,
        "mapDiffuse":"ido.png",
        "mapDiffuseWrap":["RepeatWrapping","RepeatWrapping"],
        "colorEmissive":[0,0,0],
        "transparent":true,
        "mapDiffuseAnisotropy":1,
        "shading":"basic",
        "depthTest":true,
        "opacity":1,
        "DbgColor":15658734,
        "mapDiffuseRepeat":[1,1],
        "depthWrite":true,
        "visible":true,
        "DbgName":"Material.003",
        "blending":"NormalBlending"
    }],
    "normals":[0,0,-1,0,0,-1,0,-0,-1,-0,0,-1,0,-0,-1],
    "faces":[42,2,1,0,0,31,0,1,0,0,0,42,0,31,30,0,1,2,3,0,0,0,42,30,29,28,0,3,4,5,1,1,1,42,28,27,26,0,5,6,7,1,1,1,42,26,25,24,0,7,8,9,0,0,0,42,24,23,22,0,9,10,11,0,0,0,42,22,21,20,0,11,12,13,1,1,1,42,20,19,18,0,13,14,15,0,0,0,42,18,17,16,0,15,16,17,0,0,0,42,16,15,14,0,17,18,19,0,0,0,42,14,13,12,0,19,20,21,0,0,0,42,12,11,10,0,21,22,23,2,2,2,42,10,9,8,0,23,24,25,0,0,0,42,8,7,6,0,25,26,27,0,0,0,42,6,5,4,0,27,28,29,0,0,0,42,4,3,2,0,29,30,31,3,3,3,42,2,0,30,0,31,1,3,1,1,1,42,30,28,26,0,3,5,7,1,1,1,42,26,24,22,0,7,9,11,0,0,0,42,22,20,18,0,11,13,15,0,0,0,42,18,16,14,0,15,17,19,0,0,0,42,14,12,10,0,19,21,23,2,2,2,42,10,8,6,0,23,25,27,0,0,0,42,6,4,2,0,27,29,31,3,3,3,42,2,30,26,0,31,3,7,1,1,1,42,26,22,18,0,7,11,15,0,0,0,42,18,14,10,0,15,19,23,0,0,0,42,10,6,2,0,23,27,31,0,0,0,42,2,26,18,0,31,7,15,0,0,0,42,18,10,2,0,15,23,31,4,4,4],
    "vertices":[33.3173,-15.8573,-9.85368,33.7206,-15.8573,-10.1184,34.1678,-15.8573,-10.2993,34.6417,-15.8573,-10.3895,35.1241,-15.8573,-10.3855,35.5965,-15.8573,-10.2874,36.0406,-15.8573,-10.0991,36.4395,-15.8573,-9.8278,36.7777,-15.8573,-9.48386,37.0424,-15.8573,-9.08054,37.2233,-15.8573,-8.63334,37.3135,-15.8573,-8.15943,37.3095,-15.8573,-7.67704,37.2115,-15.8573,-7.20469,37.0232,-15.8573,-6.76055,36.7519,-15.8573,-6.36168,36.4079,-15.8573,-6.0234,36.0046,-15.8573,-5.75872,35.5574,-15.8573,-5.57781,35.0835,-15.8573,-5.48762,34.6011,-15.8573,-5.49162,34.1288,-15.8573,-5.58966,33.6846,-15.8573,-5.77796,33.2857,-15.8573,-6.04929,32.9475,-15.8573,-6.39322,32.6828,-15.8573,-6.79654,32.5019,-15.8573,-7.24374,32.4117,-15.8573,-7.71765,32.4157,-15.8573,-8.20004,32.5137,-15.8573,-8.67239,32.702,-15.8573,-9.11653,32.9734,-15.8573,-9.51541],
    "name":"CylinderGeometry.1",
    "uvs":[[0.263209,0.943006,0.181332,0.888298,0.111703,0.818668,0.056994,0.736792,0.019311,0.645815,0.0001,0.549236,0.0001,0.450764,0.019311,0.354184,0.056995,0.263208,0.111703,0.181332,0.181333,0.111701,0.26321,0.056994,0.354186,0.019311,0.450765,0.0001,0.549236,0.0001,0.645815,0.019312,0.73679,0.056995,0.818666,0.111703,0.888296,0.181334,0.943003,0.26321,0.980687,0.354186,0.999897,0.450765,0.999897,0.549237,0.980686,0.645817,0.943003,0.736792,0.888295,0.818668,0.818665,0.888298,0.736789,0.943006,0.645815,0.980689,0.549236,0.9999,0.450765,0.9999,0.354185,0.980689]]
}